seg,t0,t1,pred,score_tuba,score_cello,score_trombone,score_flute,score_bassoon,score_oboe,score_guitar
1,0,0.8,tuba,-2.40228564603688e-05,-0.178508599075044,-0.468494222256512,-0.683705833332624,-0.767323507916584,-0.894951936162786,-0.914099798266145
