seg,t0,t1,pred,score_viola,score_flute,score_oboe,score_bassoon,score_cello,score_trombone,score_guitar,score_tuba,score_double_bass
1,0,0.8,flute,-0.151167033141219,-0.133030946340038,-0.35978288522386,-0.486918991274859,-0.554136708234354,-0.386472652600157,-0.952655073921366,-0.836947413454558,-0.802012009295157
2,0.4,1.2,viola,-0.120795313741772,-0.222899119263508,-0.363054617386539,-0.471008032497825,-0.462585618297741,-0.562757855765972,-0.827378588227422,-0.785710919680936,-0.80841438447396
3,0.8,1.6,viola,-0.0783362158180626,-0.31696977816558,-0.505441291811338,-0.512156878542184,-0.55923967625888,-0.669901650147393,-0.456640735149952,-0.784478867767208,-0.797584812139786
