seg,t0,t1,pred,score_cello,score_tuba,score_double_bass,score_viola,score_trombone,score_guitar,score_bassoon,score_flute,score_oboe
1,0,0.8,cello,-0.0104120984211287,-0.279048874565658,-0.291733570102247,-0.305005067393076,-0.542285238631518,-0.776108454480131,-1.04541104738151,-1.00524669240049,-1.44283143066502
2,0.4,1.2,cello,-0.0450281626783376,-0.248789229968806,-0.255946530386701,-0.304232689252225,-0.535341667006897,-0.662055702561709,-0.860213564106594,-1.03873762686547,-1.35369514873775
3,0.8,1.6,cello,-0.103751063744818,-0.223277339582985,-0.205554673957935,-0.526788154075229,-0.430246605668187,-0.615259754622716,-0.630915712546382,-1.14061076187808,-1.26889071946968
4,1.2,2,cello,-0.0746299489902427,-0.20393075770354,-0.262056158974875,-0.324366984015571,-0.526293066911942,-0.753494606445126,-0.772841757529265,-1.00099439081149,-1.45156332360164
