MAE_r,MAE_I,R2_r,R2_I,MeanLogSTFT_L1
0.892814891810568,2.25341496670727,-Inf,-1.37110627768188,3.46045665665279
