MAE_r,MAE_I,R2_r,R2_I,MeanLogSTFT_L1
0.553912239618737,1.77624057953123,0.168556365890899,0.268428711858253,3.53016611703971
