MAE_r,MAE_I,R2_r,R2_I,MeanLogSTFT_L1
0.684457349347739,2.20245612367311,-0.243749137154091,0.117973788959623,4.03680679257314
