MAE_r,MAE_I,R2_r,R2_I,MeanLogSTFT_L1
0.491725100996153,2.04364684587516,0.299743404693717,-1.08265973440344,4.3209241669869
