Model,Accuracy,MacroF1
RandomForest,0.759751773049645,0.754422630664625
SVM_RBF,0.825354609929078,0.810043600357762
kNN_5,0.752659574468085,0.737232503637879
NaiveBayes,0.554964539007092,0.534173399386742
